tree,scenario,n,insert_ns,delete_ns,total_ns
Unbalanced BST,increasing_same,1000,532300,9600,541900
AVL,increasing_same,1000,41100,22000,63100
Splay,increasing_same,1000,19700,17100,36800
Red-Black,increasing_same,1000,38300,20800,59100
B+ (order 3),increasing_same,1000,196800,121600,318400
B+ (order 100),increasing_same,1000,13900,30400,44300
Unbalanced BST,increasing_reverse,1000,857700,917300,1775000
AVL,increasing_reverse,1000,39800,23000,62800
Splay,increasing_reverse,1000,19500,20200,39700
Red-Black,increasing_reverse,1000,36400,25300,61700
B+ (order 3),increasing_reverse,1000,178200,157600,335800
B+ (order 100),increasing_reverse,1000,10600,10500,21100
Unbalanced BST,random_random,1000,55500,39300,94800
AVL,random_random,1000,76700,57900,134600
Splay,random_random,1000,73600,62600,136200
Red-Black,random_random,1000,66300,46200,112500
B+ (order 3),random_random,1000,178700,130500,309200
B+ (order 100),random_random,1000,46200,52800,99000
Unbalanced BST,increasing_same,2000,2581100,19900,2601000
AVL,increasing_same,2000,91300,52000,143300
Splay,increasing_same,2000,51900,42100,94000
Red-Black,increasing_same,2000,79800,50600,130400
B+ (order 3),increasing_same,2000,392100,242600,634700
B+ (order 100),increasing_same,2000,22400,66900,89300
Unbalanced BST,increasing_reverse,2000,2535300,3153500,5688800
AVL,increasing_reverse,2000,97400,51400,148800
Splay,increasing_reverse,2000,52100,44900,97000
Red-Black,increasing_reverse,2000,86400,51000,137400
B+ (order 3),increasing_reverse,2000,386100,216800,602900
B+ (order 100),increasing_reverse,2000,21900,28500,50400
Unbalanced BST,random_random,2000,119000,78400,197400
AVL,random_random,2000,162100,126300,288400
Splay,random_random,2000,254300,142800,397100
Red-Black,random_random,2000,147900,99100,247000
B+ (order 3),random_random,2000,373700,275800,649500
B+ (order 100),random_random,2000,98400,117000,215400
Unbalanced BST,increasing_same,5000,16548300,58700,16607000
AVL,increasing_same,5000,278300,125600,403900
Splay,increasing_same,5000,118100,94700,212800
Red-Black,increasing_same,5000,216000,132700,348700
B+ (order 3),increasing_same,5000,991800,712400,1704200
B+ (order 100),increasing_same,5000,68100,156400,224500
Unbalanced BST,increasing_reverse,5000,17417100,21081200,38498300
AVL,increasing_reverse,5000,252600,139000,391600
Splay,increasing_reverse,5000,121300,118700,240000
Red-Black,increasing_reverse,5000,217200,143300,360500
B+ (order 3),increasing_reverse,5000,952400,605800,1558200
B+ (order 100),increasing_reverse,5000,66100,66600,132700
Unbalanced BST,random_random,5000,334900,217800,552700
AVL,random_random,5000,434600,355800,790400
Splay,random_random,5000,491200,401300,892500
Red-Black,random_random,5000,405200,269300,674500
B+ (order 3),random_random,5000,1030900,843300,1874200
B+ (order 100),random_random,5000,270600,315500,586100
Unbalanced BST,increasing_same,10000,64537500,112900,64650400
AVL,increasing_same,10000,517700,252900,770600
Splay,increasing_same,10000,232500,191000,423500
Red-Black,increasing_same,10000,430300,267300,697600
B+ (order 3),increasing_same,10000,1977400,1809000,3786400
B+ (order 100),increasing_same,10000,164500,326300,490800
Unbalanced BST,increasing_reverse,10000,64504400,80121800,144626200
AVL,increasing_reverse,10000,519200,271800,791000
Splay,increasing_reverse,10000,252200,216600,468800
Red-Black,increasing_reverse,10000,461800,293100,754900
B+ (order 3),increasing_reverse,10000,2156600,1138400,3295000
B+ (order 100),increasing_reverse,10000,163600,151900,315500
Unbalanced BST,random_random,10000,773200,478300,1251500
AVL,random_random,10000,952500,806300,1758800
Splay,random_random,10000,1011200,904300,1915500
Red-Black,random_random,10000,830100,575800,1405900
B+ (order 3),random_random,10000,2088300,1814600,3902900
B+ (order 100),random_random,10000,571900,662800,1234700
Unbalanced BST,increasing_same,20000,250105100,218400,250323500
AVL,increasing_same,20000,1064300,548000,1612300
Splay,increasing_same,20000,553600,388200,941800
Red-Black,increasing_same,20000,1044600,530500,1575100
B+ (order 3),increasing_same,20000,4098400,2872900,6971300
B+ (order 100),increasing_same,20000,353000,650600,1003600
Unbalanced BST,increasing_reverse,20000,246272900,314041100,560314000
AVL,increasing_reverse,20000,1109500,572100,1681600
Splay,increasing_reverse,20000,562100,457500,1019600
Red-Black,increasing_reverse,20000,899400,568700,1468100
B+ (order 3),increasing_reverse,20000,4094500,2319400,6413900
B+ (order 100),increasing_reverse,20000,342800,328400,671200
Unbalanced BST,random_random,20000,1668600,1141600,2810200
AVL,random_random,20000,2219900,1914400,4134300
Splay,random_random,20000,2526400,2247800,4774200
Red-Black,random_random,20000,1941000,1386100,3327100
B+ (order 3),random_random,20000,5052100,4623900,9676000
B+ (order 100),random_random,20000,1335300,1471200,2806500
Unbalanced BST,increasing_same,50000,1789029100,529200,1789558300
AVL,increasing_same,50000,2733800,1720800,4454600
Splay,increasing_same,50000,1335500,1406700,2742200
Red-Black,increasing_same,50000,2347300,1669900,4017200
B+ (order 3),increasing_same,50000,9890000,12557600,22447600
B+ (order 100),increasing_same,50000,928200,1659000,2587200
Unbalanced BST,increasing_reverse,50000,1757435000,2113251000,3870686000
AVL,increasing_reverse,50000,2750000,1628200,4378200
Splay,increasing_reverse,50000,1401600,1257500,2659100
Red-Black,increasing_reverse,50000,2324800,1579900,3904700
B+ (order 3),increasing_reverse,50000,9963400,8579700,18543100
B+ (order 100),increasing_reverse,50000,865800,849900,1715700
Unbalanced BST,random_random,50000,4629500,3559200,8188700
AVL,random_random,50000,6310300,5872800,12183100
Splay,random_random,50000,7117300,6806400,13923700
Red-Black,random_random,50000,5454000,4308300,9762300
B+ (order 3),random_random,50000,14056700,14030800,28087500
B+ (order 100),random_random,50000,3495500,3992400,7487900
Unbalanced BST,increasing_same,100000,7752770400,1082900,7753853300
AVL,increasing_same,100000,6054700,3445700,9500400
Splay,increasing_same,100000,2575700,3535100,6110800
Red-Black,increasing_same,100000,4807700,3676900,8484600
B+ (order 3),increasing_same,100000,20970900,22918300,43889200
B+ (order 100),increasing_same,100000,1878900,3526900,5405800
Unbalanced BST,increasing_reverse,100000,7933132100,9361103600,17294235700
AVL,increasing_reverse,100000,5907900,3533100,9441000
Splay,increasing_reverse,100000,2694800,2387600,5082400
Red-Black,increasing_reverse,100000,4903300,3610600,8513900
B+ (order 3),increasing_reverse,100000,20393700,20713200,41106900
B+ (order 100),increasing_reverse,100000,1881400,1990300,3871700
Unbalanced BST,random_random,100000,10943800,8816000,19759800
AVL,random_random,100000,15229500,13613700,28843200
Splay,random_random,100000,15943000,15513500,31456500
Red-Black,random_random,100000,12928100,10237700,23165800
B+ (order 3),random_random,100000,30828900,33945500,64774400
B+ (order 100),random_random,100000,7080800,8025800,15106600
